{"metadata":{"asset_id":"738902f3-414f-4080-8e82-61e4740c94bf","asset_attributes":["data_asset"],"name":"CustomerDataforClassification.xlsx","asset_type":"data_asset","created_at":"2020-01-13T19:07:52Z","description":"","origin_country":"us","owner_id":"1000331001","project_id":"437d001f-48e1-4644-807c-a0503cb89e74","sandbox_id":"437d001f-48e1-4644-807c-a0503cb89e74","size":153989,"tags":[],"usage":{"last_update_time":1578942472527,"last_updated_at":"2020-01-13T19:07:52Z"}},"entity":{"data_asset":{"mime_type":"application/vnd.openxmlformats-officedocument.spreadsheetml.sheet","dataset":false}},"attachments":[{"id":"cd160dc6-25f2-490a-8cc4-fda52d7f1283","version":2,"asset_type":"data_asset","name":"CustomerDataforClassification.xlsx","mime":"application/vnd.openxmlformats-officedocument.spreadsheetml.sheet","object_key":"data_asset/CustomerDataforClassification.xlsx","create_time":1578942472526,"size":153989,"is_remote":false,"is_managed":false,"is_referenced":true,"is_object_key_read_only":true,"is_user_provided_path_key":true,"transfer_complete":true,"is_partitioned":false,"complete_time_ticks":1578942472526,"user_data":{},"test_doc":0,"handle":{"key":"data_asset/CustomerDataforClassification.xlsx","upload_id":"done","max_part_num":1},"usage":{"access_count":0,"last_accessor_id":"1000331001","last_access_time":1578942472526}}]}