{"metadata":{"asset_id":"2dc963f4-9bcf-4341-905d-9de06d337b21","asset_attributes":["data_asset"],"name":"Comments.xlsx","asset_type":"data_asset","created_at":"2020-01-13T19:07:52Z","description":"","origin_country":"us","owner_id":"1000331001","project_id":"437d001f-48e1-4644-807c-a0503cb89e74","sandbox_id":"437d001f-48e1-4644-807c-a0503cb89e74","size":56352,"tags":[],"usage":{"last_update_time":1578942472527,"last_updated_at":"2020-01-13T19:07:52Z"}},"entity":{"data_asset":{"mime_type":"application/vnd.openxmlformats-officedocument.spreadsheetml.sheet","dataset":false}},"attachments":[{"id":"04d8df1d-395e-4922-962e-5c54f3ca3eff","version":2,"asset_type":"data_asset","name":"Comments.xlsx","mime":"application/vnd.openxmlformats-officedocument.spreadsheetml.sheet","object_key":"data_asset/Comments.xlsx","create_time":1578942472526,"size":56352,"is_remote":false,"is_managed":false,"is_referenced":true,"is_object_key_read_only":true,"is_user_provided_path_key":true,"transfer_complete":true,"is_partitioned":false,"complete_time_ticks":1578942472526,"user_data":{},"test_doc":0,"handle":{"key":"data_asset/Comments.xlsx","upload_id":"done","max_part_num":1},"usage":{"access_count":0,"last_accessor_id":"1000331001","last_access_time":1578942472526}}]}