{"metadata":{"asset_id":"4f4084dd-e5d2-40e4-a868-20a9d246996c","asset_attributes":["data_asset"],"name":"customer_churn.csv","asset_type":"data_asset","created_at":"2019-12-20T15:56:27Z","description":"","origin_country":"us","owner_id":"1000331001","project_id":"437d001f-48e1-4644-807c-a0503cb89e74","sandbox_id":"437d001f-48e1-4644-807c-a0503cb89e74","size":81974,"tags":[],"usage":{"last_update_time":1576857387549,"last_updated_at":"2019-12-20T15:56:27Z"}},"entity":{"data_asset":{"mime_type":"text/csv","dataset":false}},"attachments":[{"id":"0402d81c-12d4-4298-a989-adc20f604916","version":2,"asset_type":"data_asset","name":"customer_churn.csv","mime":"text/csv","object_key":"data_asset/customer_churn.csv","create_time":1576857387548,"size":81974,"is_remote":false,"is_managed":false,"is_referenced":true,"is_object_key_read_only":true,"is_user_provided_path_key":true,"transfer_complete":true,"is_partitioned":false,"complete_time_ticks":1576857387548,"user_data":{},"test_doc":0,"handle":{"key":"data_asset/customer_churn.csv","upload_id":"done","max_part_num":1},"usage":{"access_count":0,"last_accessor_id":"1000331001","last_access_time":1576857387548}}]}