{"metadata":{"asset_id":"8349009f-5bbb-4991-971a-b9bd9873bdcd","asset_attributes":["data_asset"],"name":"churn.csv","asset_type":"data_asset","created_at":"2019-12-19T16:23:35Z","description":"","origin_country":"us","owner_id":"1000331001","project_id":"437d001f-48e1-4644-807c-a0503cb89e74","sandbox_id":"437d001f-48e1-4644-807c-a0503cb89e74","size":8546,"tags":[],"usage":{"last_update_time":1576772615863,"last_updated_at":"2019-12-19T16:23:35Z"}},"entity":{"data_asset":{"mime_type":"text/csv","dataset":false}},"attachments":[{"id":"eb0736b1-e991-45de-bd97-5a396b1e70cd","version":2,"asset_type":"data_asset","name":"churn.csv","mime":"text/csv","object_key":"data_asset/churn.csv","create_time":1576772615863,"size":8546,"is_remote":false,"is_managed":false,"is_referenced":true,"is_object_key_read_only":true,"is_user_provided_path_key":true,"transfer_complete":true,"is_partitioned":false,"complete_time_ticks":1576772615863,"user_data":{},"test_doc":0,"handle":{"key":"data_asset/churn.csv","upload_id":"done","max_part_num":1},"usage":{"access_count":0,"last_accessor_id":"1000331001","last_access_time":1576772615863}}]}