{"metadata":{"asset_id":"0c651380-a983-476c-aa51-ccf1eae3a5c2","asset_attributes":["data_asset"],"name":"new_customers.csv","asset_type":"data_asset","created_at":"2019-12-20T15:24:03Z","description":"","origin_country":"us","owner_id":"1000331001","project_id":"437d001f-48e1-4644-807c-a0503cb89e74","sandbox_id":"437d001f-48e1-4644-807c-a0503cb89e74","size":10804,"tags":[],"usage":{"last_update_time":1576855443760,"last_updated_at":"2019-12-20T15:24:03Z"}},"entity":{"data_asset":{"mime_type":"text/csv","dataset":false}},"attachments":[{"id":"18dd99a9-fefd-4b3a-a219-a4eeacfdb602","version":2,"asset_type":"data_asset","name":"new_customers.csv","mime":"text/csv","object_key":"data_asset/new_customers.csv","create_time":1576855443759,"size":10804,"is_remote":false,"is_managed":false,"is_referenced":true,"is_object_key_read_only":true,"is_user_provided_path_key":true,"transfer_complete":true,"is_partitioned":false,"complete_time_ticks":1576855443759,"user_data":{},"test_doc":0,"handle":{"key":"data_asset/new_customers.csv","upload_id":"done","max_part_num":1},"usage":{"access_count":0,"last_accessor_id":"1000331001","last_access_time":1576855443759}}]}