{"metadata":{"asset_id":"4d5900fe-99c2-410c-ab33-539f19da86f6","asset_attributes":["data_asset"],"name":"neg_reviews.txt","asset_type":"data_asset","created_at":"2020-01-13T19:05:57Z","description":"","origin_country":"us","owner_id":"1000331001","project_id":"437d001f-48e1-4644-807c-a0503cb89e74","sandbox_id":"437d001f-48e1-4644-807c-a0503cb89e74","size":16334249,"tags":[],"usage":{"last_update_time":1578942357619,"last_updated_at":"2020-01-13T19:05:57Z"}},"entity":{"data_asset":{"mime_type":"text/plain","dataset":false}},"attachments":[{"id":"da1eee05-e1cb-4341-a94c-c4410642786e","version":2,"asset_type":"data_asset","name":"neg_reviews.txt","mime":"text/plain","object_key":"data_asset/neg_reviews.txt","create_time":1578942357618,"size":16334249,"is_remote":false,"is_managed":false,"is_referenced":true,"is_object_key_read_only":true,"is_user_provided_path_key":true,"transfer_complete":true,"is_partitioned":false,"complete_time_ticks":1578942357618,"user_data":{},"test_doc":0,"handle":{"key":"data_asset/neg_reviews.txt","upload_id":"done","max_part_num":1},"usage":{"access_count":0,"last_accessor_id":"1000331001","last_access_time":1578942357618}}]}