{"metadata":{"asset_id":"587b4f6e-a022-4ddd-a351-feb5b4f945c8","asset_attributes":["data_asset"],"name":"flow_customer_churn_batch_scoring.csv","asset_type":"data_asset","created_at":"2020-01-08T20:11:53Z","description":"","origin_country":"us","owner_id":"1000331001","project_id":"437d001f-48e1-4644-807c-a0503cb89e74","sandbox_id":"437d001f-48e1-4644-807c-a0503cb89e74","size":3773,"tags":[],"usage":{"last_update_time":1578514313566,"last_updated_at":"2020-01-08T20:11:53Z"}},"entity":{"data_asset":{"mime_type":"text/csv","dataset":false}},"attachments":[{"id":"e946d69e-67ea-4183-9d29-e337cb96336b","version":2,"asset_type":"data_asset","name":"flow_customer_churn_batch_scoring.csv","mime":"text/csv","object_key":"data_asset/flow_customer_churn_batch_scoring.csv","create_time":1578514313565,"size":3773,"is_remote":false,"is_managed":false,"is_referenced":true,"is_object_key_read_only":true,"is_user_provided_path_key":true,"transfer_complete":true,"is_partitioned":false,"complete_time_ticks":1578514313565,"user_data":{},"test_doc":0,"handle":{"key":"data_asset/flow_customer_churn_batch_scoring.csv","upload_id":"done","max_part_num":1},"usage":{"access_count":0,"last_accessor_id":"1000331001","last_access_time":1578514313565}}]}