{"metadata":{"asset_id":"77e52c40-3457-4326-9efb-804231e9562b","asset_attributes":["data_asset"],"name":"customer-profile.csv","asset_type":"data_asset","created_at":"2019-12-19T16:23:25Z","description":"","origin_country":"us","owner_id":"1000331001","project_id":"437d001f-48e1-4644-807c-a0503cb89e74","sandbox_id":"437d001f-48e1-4644-807c-a0503cb89e74","size":77821,"tags":[],"usage":{"last_update_time":1576772606029,"last_updated_at":"2019-12-19T16:23:26Z"}},"entity":{"data_asset":{"mime_type":"text/csv","dataset":false}},"attachments":[{"id":"bebf0e55-9f05-4a08-9a51-f12970501912","version":2,"asset_type":"data_asset","name":"customer-profile.csv","mime":"text/csv","object_key":"data_asset/customer-profile.csv","create_time":1576772606029,"size":77821,"is_remote":false,"is_managed":false,"is_referenced":true,"is_object_key_read_only":true,"is_user_provided_path_key":true,"transfer_complete":true,"is_partitioned":false,"complete_time_ticks":1576772606029,"user_data":{},"test_doc":0,"handle":{"key":"data_asset/customer-profile.csv","upload_id":"done","max_part_num":1},"usage":{"access_count":0,"last_accessor_id":"1000331001","last_access_time":1576772606029}}]}