{"metadata":{"asset_id":"6d795576-eb87-410f-a39a-909a12ca5b1b","asset_attributes":["notebook"],"name":"PMML_Example","asset_type":"notebook","created_at":"2020-01-08T15:34:34Z","description":"","origin_country":"us","owner_id":"1000331001","project_id":"437d001f-48e1-4644-807c-a0503cb89e74","sandbox_id":"437d001f-48e1-4644-807c-a0503cb89e74","size":12375,"tags":["notebook"],"usage":{"last_update_time":1578497674186,"last_updated_at":"2020-01-08T15:34:34Z"}},"entity":{"notebook":{"kernel":"","originates_from":{"type":"file"},"runtime":{"environment":"jupconda36-437d001f-48e1-4644-807c-a0503cb89e74"}}},"attachments":[{"id":"5300f610-ac3e-43a4-8219-c315ba0a9894","version":2,"asset_type":"notebook","name":"attachment for notebook 6d795576-eb87-410f-a39a-909a12ca5b1b","description":"attachment for notebook 6d795576-eb87-410f-a39a-909a12ca5b1b","mime":"application/json","object_key":"notebook/PMML_Example_JTr2bJD5h.ipynb","create_time":1578497674185,"size":12375,"is_remote":false,"is_managed":false,"is_referenced":true,"is_object_key_read_only":false,"is_user_provided_path_key":true,"transfer_complete":true,"is_partitioned":false,"complete_time_ticks":1578497674185,"user_data":{},"test_doc":0,"handle":{"key":"notebook/PMML_Example_JTr2bJD5h.ipynb","upload_id":"done","max_part_num":1},"usage":{"access_count":0,"last_accessor_id":"1000331001","last_access_time":1578497674185}}]}