{"metadata":{"asset_id":"2c304e42-0687-4208-9db8-993e5b265a1c","asset_attributes":["notebook"],"name":"Predict_Customer_Churn_Py36","asset_type":"notebook","created_at":"2020-01-08T15:32:59Z","description":"","origin_country":"us","owner_id":"1000331001","project_id":"437d001f-48e1-4644-807c-a0503cb89e74","sandbox_id":"437d001f-48e1-4644-807c-a0503cb89e74","size":11813,"tags":["notebook"],"usage":{"last_update_time":1579642495474,"last_updated_at":"2020-01-21T21:34:55Z"}},"entity":{"notebook":{"kernel":{"name":"python3","display_name":"Python 3.6","language":"python"},"originates_from":{"type":"file"},"runtime":{"environment":"jupconda36-437d001f-48e1-4644-807c-a0503cb89e74"}}},"attachments":[{"id":"79b3fb1a-93c9-4ec3-a501-9e270155c65f","version":2,"asset_type":"notebook","name":"attachment for notebook 2c304e42-0687-4208-9db8-993e5b265a1c","description":"attachment for notebook 2c304e42-0687-4208-9db8-993e5b265a1c","mime":"application/json","object_key":"notebook/Predict_Customer_Churn_Py36_xq-KSdCTd.ipynb","create_time":1578497580130,"size":11813,"is_remote":false,"is_managed":false,"is_referenced":true,"is_object_key_read_only":false,"is_user_provided_path_key":true,"transfer_complete":true,"is_partitioned":false,"complete_time_ticks":1578497580130,"user_data":{},"test_doc":0,"handle":{"key":"notebook/Predict_Customer_Churn_Py36_xq-KSdCTd.ipynb","upload_id":"done","max_part_num":1},"usage":{"access_count":0,"last_accessor_id":"1000331001","last_access_time":1578497580130}}]}