{"metadata":{"asset_id":"bd28e100-bbf7-4f28-ba09-c921bbd6ab76","asset_attributes":["notebook"],"name":"DeploymentWithAPI","asset_type":"notebook","created_at":"2020-01-08T15:34:01Z","description":"","origin_country":"us","owner_id":"1000331001","project_id":"437d001f-48e1-4644-807c-a0503cb89e74","sandbox_id":"437d001f-48e1-4644-807c-a0503cb89e74","size":20528,"tags":["notebook"],"usage":{"last_update_time":1579642598706,"last_updated_at":"2020-01-21T21:36:38Z"}},"entity":{"notebook":{"kernel":{"name":"python3","display_name":"Python 3.6","language":"python"},"originates_from":{"type":"file"},"runtime":{"environment":"jupconda36-437d001f-48e1-4644-807c-a0503cb89e74"}}},"attachments":[{"id":"773212fc-4136-40a8-ae47-37541c2d6be7","version":2,"asset_type":"notebook","name":"attachment for notebook bd28e100-bbf7-4f28-ba09-c921bbd6ab76","description":"attachment for notebook bd28e100-bbf7-4f28-ba09-c921bbd6ab76","mime":"application/json","object_key":"notebook/DeploymentWithAPI_qLw3iVICx.ipynb","create_time":1578497642114,"size":20528,"is_remote":false,"is_managed":false,"is_referenced":true,"is_object_key_read_only":false,"is_user_provided_path_key":true,"transfer_complete":true,"is_partitioned":false,"complete_time_ticks":1578497642114,"user_data":{},"test_doc":0,"handle":{"key":"notebook/DeploymentWithAPI_qLw3iVICx.ipynb","upload_id":"done","max_part_num":1},"usage":{"access_count":0,"last_accessor_id":"1000331001","last_access_time":1578497642114}}]}