{"metadata":{"asset_id":"6ab0557b-ac8e-4848-b93e-d4a53cbe1c9b","asset_attributes":["notebook"],"name":"NLTK_Lab","asset_type":"notebook","created_at":"2020-01-23T15:28:22Z","description":"","origin_country":"us","owner_id":"1000331001","project_id":"437d001f-48e1-4644-807c-a0503cb89e74","sandbox_id":"437d001f-48e1-4644-807c-a0503cb89e74","size":17690,"tags":["notebook"],"usage":{"last_update_time":1579794712516,"last_updated_at":"2020-01-23T15:51:52Z"}},"entity":{"notebook":{"kernel":{"name":"python3","display_name":"Python 3.6","language":"python"},"originates_from":{"type":"file"},"runtime":{"environment":"jupconda36-437d001f-48e1-4644-807c-a0503cb89e74"}}},"attachments":[{"id":"da0c47cc-1701-4904-8f3d-0b8441e81f7f","version":2,"asset_type":"notebook","name":"attachment for notebook 6ab0557b-ac8e-4848-b93e-d4a53cbe1c9b","description":"attachment for notebook 6ab0557b-ac8e-4848-b93e-d4a53cbe1c9b","mime":"application/json","object_key":"notebook/NLTK_Lab_GDjSxriuX.ipynb","create_time":1579793302736,"size":17690,"is_remote":false,"is_managed":false,"is_referenced":true,"is_object_key_read_only":false,"is_user_provided_path_key":true,"transfer_complete":true,"is_partitioned":false,"complete_time_ticks":1579793302736,"user_data":{},"test_doc":0,"handle":{"key":"notebook/NLTK_Lab_GDjSxriuX.ipynb","upload_id":"done","max_part_num":1},"usage":{"access_count":0,"last_accessor_id":"1000331001","last_access_time":1579793302736}}]}